algorithm,ensemble_size,depth,timeout,mean_score,std_score,mean_time,best_score,best_set
NMCS,50,2,3,0.40240000000000004,0.0,3.1063480377197266,0.40240000000000004,"[('AKT1', True), ('CTNNB1', True)]"
LNMCS,50,2,3,0.5536000000000001,0.0,3.171121120452881,0.5536000000000001,"[('CDH2', True), ('miR200', False)]"
BILNMCS,50,2,3,0.5536000000000001,0.0,3.1251442432403564,0.5536000000000001,"[('CDH2', True), ('miR200', False)]"
NRPA,50,2,3,0.41119999999999995,0.0,3.091186285018921,0.41119999999999995,"[('SMAD', True), ('miR34', False)]"
GNRPA,50,2,3,0.36760000000000004,0.0,3.075975179672241,0.36760000000000004,"[('ECMicroenv', True), ('AKT2', True)]"
